Id,task_1,task_2
data/test\melanoma\ISIC_0012258.jpg,0.015465361066162586,0.6003338098526001
data/test\melanoma\ISIC_0012356.jpg,0.06770030409097672,0.5349917411804199
data/test\melanoma\ISIC_0012369.jpg,0.00574343279004097,0.0009876154363155365
data/test\melanoma\ISIC_0012395.jpg,0.3948862850666046,0.03176319971680641
data/test\melanoma\ISIC_0012425.jpg,0.014435434713959694,0.006150531116873026
data/test\melanoma\ISIC_0012758.jpg,0.1503005474805832,3.6119042761129094e-06
data/test\melanoma\ISIC_0012989.jpg,0.9625619649887085,0.0038621348794549704
data/test\melanoma\ISIC_0013072.jpg,0.13936704397201538,0.4948422312736511
data/test\melanoma\ISIC_0013073.jpg,0.023899191990494728,0.035536106675863266
data/test\melanoma\ISIC_0013242.jpg,0.03308970853686333,0.7579177021980286
data/test\melanoma\ISIC_0013277.jpg,0.011063147336244583,0.00025779978022910655
data/test\melanoma\ISIC_0013321.jpg,0.005217426922172308,0.9817996621131897
data/test\melanoma\ISIC_0013374.jpg,0.36086326837539673,0.27030476927757263
data/test\melanoma\ISIC_0013411.jpg,0.21763619780540466,0.09497924149036407
data/test\melanoma\ISIC_0013414.jpg,0.0016044373624026775,0.0005654417909681797
data/test\melanoma\ISIC_0013455.jpg,0.8993516564369202,0.0018110531382262707
data/test\melanoma\ISIC_0013457.jpg,0.18979468941688538,0.009841344319283962
data/test\melanoma\ISIC_0013459.jpg,0.13457268476486206,0.000928020803257823
data/test\melanoma\ISIC_0013472.jpg,0.973389208316803,0.0010453877039253712
data/test\melanoma\ISIC_0013473.jpg,0.9997743964195251,6.0032263718312606e-05
data/test\melanoma\ISIC_0013565.jpg,0.3108261227607727,0.6345686316490173
data/test\melanoma\ISIC_0013577.jpg,0.9993323683738708,0.00014661269960924983
data/test\melanoma\ISIC_0013588.jpg,0.3075021803379059,0.6349253058433533
data/test\melanoma\ISIC_0013615.jpg,0.9858666062355042,0.001874756533652544
data/test\melanoma\ISIC_0013617.jpg,0.22381089627742767,0.0034282158594578505
data/test\melanoma\ISIC_0013636.jpg,0.9884124398231506,3.2907242712099105e-05
data/test\melanoma\ISIC_0013678.jpg,0.14140665531158447,0.7110722661018372
data/test\melanoma\ISIC_0013696.jpg,0.34879061579704285,0.09279990941286087
data/test\melanoma\ISIC_0013733.jpg,0.036072175949811935,0.05119874328374863
data/test\melanoma\ISIC_0013739.jpg,0.00468295905739069,0.016249438747763634
data/test\melanoma\ISIC_0013766.jpg,0.014960012398660183,0.0003899815783370286
data/test\melanoma\ISIC_0013767.jpg,0.13514944911003113,0.03381144255399704
data/test\melanoma\ISIC_0013813.jpg,0.6853331923484802,0.11762018501758575
data/test\melanoma\ISIC_0013814.jpg,0.9986950755119324,5.043264172854833e-05
data/test\melanoma\ISIC_0013833.jpg,0.9985176920890808,0.0005846084677614272
data/test\melanoma\ISIC_0013842.jpg,0.0037728347815573215,0.00037382851587608457
data/test\melanoma\ISIC_0013867.jpg,0.9777325391769409,0.0001327737991232425
data/test\melanoma\ISIC_0013908.jpg,0.7741159200668335,0.07248683273792267
data/test\melanoma\ISIC_0013917.jpg,0.0684843361377716,0.001174495555460453
data/test\melanoma\ISIC_0013925.jpg,0.325541615486145,0.6679068803787231
data/test\melanoma\ISIC_0013948.jpg,0.14145930111408234,0.01753808930516243
data/test\melanoma\ISIC_0013953.jpg,0.6711744070053101,0.03775843605399132
data/test\melanoma\ISIC_0013987.jpg,0.7577099204063416,0.1414836049079895
data/test\melanoma\ISIC_0013988.jpg,0.7749813795089722,0.19437922537326813
data/test\melanoma\ISIC_0014027.jpg,0.29478317499160767,0.07801781594753265
data/test\melanoma\ISIC_0014059.jpg,0.0020923411939293146,5.349860202841228e-06
data/test\melanoma\ISIC_0014077.jpg,0.9950410723686218,0.001458039740100503
data/test\melanoma\ISIC_0014103.jpg,0.9666682481765747,0.01141782384365797
data/test\melanoma\ISIC_0014110.jpg,0.8408343195915222,0.005310580600053072
data/test\melanoma\ISIC_0014129.jpg,0.7330789566040039,0.0007627130253240466
data/test\melanoma\ISIC_0014148.jpg,0.9159827828407288,0.0026316926814615726
data/test\melanoma\ISIC_0014160.jpg,0.9971258044242859,3.618462142185308e-05
data/test\melanoma\ISIC_0014181.jpg,0.9976354837417603,0.0019192943582311273
data/test\melanoma\ISIC_0014186.jpg,0.0006381566636264324,0.9960085153579712
data/test\melanoma\ISIC_0014219.jpg,0.9931852221488953,4.5779561332892627e-05
data/test\melanoma\ISIC_0014221.jpg,0.910300076007843,0.004832027014344931
data/test\melanoma\ISIC_0014233.jpg,0.5341401100158691,0.4155121445655823
data/test\melanoma\ISIC_0014255.jpg,0.050810642540454865,0.06026178598403931
data/test\melanoma\ISIC_0014270.jpg,0.12294690310955048,0.07081549614667892
data/test\melanoma\ISIC_0014284.jpg,0.009776970371603966,0.00026374543085694313
data/test\melanoma\ISIC_0014288.jpg,0.002237278036773205,0.0006445258622989058
data/test\melanoma\ISIC_0014319.jpg,0.9332693815231323,0.0023171300999820232
data/test\melanoma\ISIC_0014336.jpg,0.9685888290405273,0.004769578110426664
data/test\melanoma\ISIC_0014349.jpg,0.8775330781936646,7.033612200757489e-05
data/test\melanoma\ISIC_0014369.jpg,0.7991993427276611,0.0010838547023013234
data/test\melanoma\ISIC_0014423.jpg,0.624387800693512,0.14691582322120667
data/test\melanoma\ISIC_0014434.jpg,0.04651632532477379,0.6322253942489624
data/test\melanoma\ISIC_0014454.jpg,0.9801669716835022,0.00990428775548935
data/test\melanoma\ISIC_0014478.jpg,0.021861454471945763,0.00209606415592134
data/test\melanoma\ISIC_0014489.jpg,0.9947618842124939,7.343123434111476e-05
data/test\melanoma\ISIC_0014506.jpg,0.9920184016227722,0.0033845198340713978
data/test\melanoma\ISIC_0014513.jpg,0.5127007365226746,0.016292566433548927
data/test\melanoma\ISIC_0014541.jpg,0.9980521202087402,7.272878065123223e-06
data/test\melanoma\ISIC_0014542.jpg,0.7664726972579956,0.06441418081521988
data/test\melanoma\ISIC_0014546.jpg,0.9582653641700745,0.003843971760943532
data/test\melanoma\ISIC_0014548.jpg,0.30781614780426025,0.004799052141606808
data/test\melanoma\ISIC_0014559.jpg,0.9991276860237122,0.0006886732298880816
data/test\melanoma\ISIC_0014663.jpg,0.9116713404655457,0.0004278856504242867
data/test\melanoma\ISIC_0014666.jpg,0.8955149054527283,0.09004119783639908
data/test\melanoma\ISIC_0014695.jpg,0.0048204208724200726,0.7878571152687073
data/test\melanoma\ISIC_0014703.jpg,0.9834582805633545,0.00045345135731622577
data/test\melanoma\ISIC_0014727.jpg,0.969840943813324,0.020472737029194832
data/test\melanoma\ISIC_0014766.jpg,0.5695614218711853,0.2023163139820099
data/test\melanoma\ISIC_0014772.jpg,0.3680034279823303,0.0013209201861172915
data/test\melanoma\ISIC_0014784.jpg,0.22779467701911926,0.6779815554618835
data/test\melanoma\ISIC_0014790.jpg,0.7575680613517761,0.05810677632689476
data/test\melanoma\ISIC_0014800.jpg,0.7925795912742615,0.0002702068304643035
data/test\melanoma\ISIC_0014826.jpg,0.6933433413505554,0.005708216689527035
data/test\melanoma\ISIC_0014862.jpg,0.679786205291748,3.461025335127488e-05
data/test\melanoma\ISIC_0014872.jpg,0.43649372458457947,0.17620019614696503
data/test\melanoma\ISIC_0014883.jpg,0.00028642997494898736,7.59149497753242e-06
data/test\melanoma\ISIC_0014912.jpg,0.9987179040908813,0.0002229782985523343
data/test\melanoma\ISIC_0014928.jpg,0.0003681404050439596,7.135753321563243e-07
data/test\melanoma\ISIC_0014932.jpg,0.028896931558847427,0.0001411940174875781
data/test\melanoma\ISIC_0014963.jpg,0.9733439087867737,0.0002954943338409066
data/test\melanoma\ISIC_0014982.jpg,0.19682374596595764,0.033616453409194946
data/test\melanoma\ISIC_0015004.jpg,0.9199230670928955,0.00014180780271999538
data/test\melanoma\ISIC_0015041.jpg,0.7372483611106873,0.0020294080022722483
data/test\melanoma\ISIC_0015046.jpg,0.01297969650477171,0.02250145934522152
data/test\melanoma\ISIC_0015050.jpg,0.005449965596199036,0.00032748072408139706
data/test\melanoma\ISIC_0015071.jpg,0.9849120378494263,0.009053096175193787
data/test\melanoma\ISIC_0015115.jpg,0.5652027726173401,0.000214154613786377
data/test\melanoma\ISIC_0015119.jpg,0.9839104413986206,7.994870247785002e-05
data/test\melanoma\ISIC_0015127.jpg,0.5987527370452881,0.0009004974854178727
data/test\melanoma\ISIC_0015132.jpg,0.991613507270813,1.4190198271535337e-05
data/test\melanoma\ISIC_0015133.jpg,0.8570978045463562,0.00017292890697717667
data/test\melanoma\ISIC_0015136.jpg,0.10377497971057892,0.0007496218895539641
data/test\melanoma\ISIC_0015142.jpg,0.9568274021148682,7.527826824116346e-07
data/test\melanoma\ISIC_0015156.jpg,0.5702679753303528,0.012183514423668385
data/test\melanoma\ISIC_0015163.jpg,0.9992883801460266,2.979293276439421e-05
data/test\melanoma\ISIC_0015167.jpg,0.9953973889350891,0.002537492197006941
data/test\melanoma\ISIC_0015180.jpg,0.17445412278175354,0.6188216209411621
data/test\melanoma\ISIC_0015185.jpg,0.9979020357131958,0.0005831447779200971
data/test\melanoma\ISIC_0015193.jpg,0.07154715061187744,0.10661450028419495
data/test\melanoma\ISIC_0015206.jpg,0.40605461597442627,0.00011003759573213756
data/test\melanoma\ISIC_0015229.jpg,0.9963249564170837,3.192759322701022e-05
data/test\melanoma\ISIC_0015251.jpg,0.005061582662165165,0.0005411866586655378
data/test\nevus\ISIC_0012092.jpg,0.002980935387313366,0.00026073469780385494
data/test\nevus\ISIC_0012095.jpg,0.0004804576456081122,8.167837222572416e-05
data/test\nevus\ISIC_0012147.jpg,0.009419775567948818,0.28258928656578064
data/test\nevus\ISIC_0012149.jpg,0.008188041858375072,0.26664361357688904
data/test\nevus\ISIC_0012152.jpg,0.010058748535811901,0.05935395136475563
data/test\nevus\ISIC_0012216.jpg,0.0067392513155937195,0.012782901525497437
data/test\nevus\ISIC_0012357.jpg,0.217609703540802,0.3519061505794525
data/test\nevus\ISIC_0012484.jpg,0.00852722954005003,0.9846441745758057
data/test\nevus\ISIC_0012493.jpg,0.00209814147092402,0.030872918665409088
data/test\nevus\ISIC_0012551.jpg,1.3613386727229226e-05,4.099402303836541e-06
data/test\nevus\ISIC_0012654.jpg,0.0030655087903141975,3.418054984649643e-05
data/test\nevus\ISIC_0012656.jpg,0.0032630208879709244,0.00010951959120575339
data/test\nevus\ISIC_0012708.jpg,0.00369469728320837,0.0028620739467442036
data/test\nevus\ISIC_0012722.jpg,0.000477407913422212,0.0001029006889439188
data/test\nevus\ISIC_0012803.jpg,0.08947789669036865,0.8904880881309509
data/test\nevus\ISIC_0012836.jpg,0.0038846072275191545,0.0005147178890183568
data/test\nevus\ISIC_0012837.jpg,0.012755709700286388,0.050082653760910034
data/test\nevus\ISIC_0012903.jpg,0.012228318490087986,0.006544048432260752
data/test\nevus\ISIC_0012904.jpg,0.0008174733375199139,0.6703527569770813
data/test\nevus\ISIC_0012941.jpg,0.03713314235210419,0.0846564844250679
data/test\nevus\ISIC_0012967.jpg,0.00875525176525116,0.06110755354166031
data/test\nevus\ISIC_0013045.jpg,0.00028149448917247355,5.51954428829049e-07
data/test\nevus\ISIC_0013070.jpg,0.002146505517885089,0.007400223053991795
data/test\nevus\ISIC_0013109.jpg,1.245859675691463e-05,4.0047957554634195e-06
data/test\nevus\ISIC_0013159.jpg,0.2305264174938202,0.51739102602005
data/test\nevus\ISIC_0013164.jpg,0.00017828172713052481,9.200285603583325e-06
data/test\nevus\ISIC_0013176.jpg,0.0026618815027177334,0.00040202043601311743
data/test\nevus\ISIC_0013191.jpg,0.0036025322042405605,8.76432386576198e-05
data/test\nevus\ISIC_0013216.jpg,0.030369486659765244,0.38332802057266235
data/test\nevus\ISIC_0013226.jpg,0.00012254690227564424,0.03558634594082832
data/test\nevus\ISIC_0013230.jpg,7.417697815981228e-06,1.5558522136416286e-05
data/test\nevus\ISIC_0013269.jpg,0.0001269711647182703,1.4039342204341665e-06
data/test\nevus\ISIC_0013291.jpg,0.000721215270459652,0.0002276488667121157
data/test\nevus\ISIC_0013325.jpg,0.0037542060017585754,0.0004421319463290274
data/test\nevus\ISIC_0013399.jpg,7.728650962235406e-05,0.003925923723727465
data/test\nevus\ISIC_0013416.jpg,0.0018019742565229535,0.00018144513887818903
data/test\nevus\ISIC_0013511.jpg,0.320982426404953,0.09330153465270996
data/test\nevus\ISIC_0013512.jpg,0.003403260838240385,0.0002860103268176317
data/test\nevus\ISIC_0013529.jpg,0.15918537974357605,0.0005881771212443709
data/test\nevus\ISIC_0013600.jpg,0.16080021858215332,0.0001145634741988033
data/test\nevus\ISIC_0013602.jpg,0.00683732982724905,0.0027567516081035137
data/test\nevus\ISIC_0013738.jpg,0.00011255651043029502,0.001104334369301796
data/test\nevus\ISIC_0013794.jpg,1.1024282684957143e-05,1.489529950049473e-05
data/test\nevus\ISIC_0013809.jpg,0.7506322860717773,0.03806394338607788
data/test\nevus\ISIC_0013891.jpg,0.0006470823427662253,2.4287757696583867e-05
data/test\nevus\ISIC_0013897.jpg,0.027115413919091225,0.010418749414384365
data/test\nevus\ISIC_0013911.jpg,0.005454545840620995,0.28090640902519226
data/test\nevus\ISIC_0013966.jpg,0.006822562776505947,0.7504827380180359
data/test\nevus\ISIC_0013998.jpg,0.0003988431126344949,0.038787007331848145
data/test\nevus\ISIC_0014090.jpg,0.00029759699827991426,4.7756635467521846e-05
data/test\nevus\ISIC_0014117.jpg,0.004439324140548706,2.2035037545720115e-06
data/test\nevus\ISIC_0014470.jpg,1.3622830010717735e-05,0.9909606575965881
data/test\nevus\ISIC_0014675.jpg,0.00019643794803414494,1.958542952706921e-06
data/test\nevus\ISIC_0014677.jpg,0.10680890083312988,0.00011552766227396205
data/test\nevus\ISIC_0014687.jpg,0.19371981918811798,0.00045483061694540083
data/test\nevus\ISIC_0014693.jpg,0.027598140761256218,0.004244385752826929
data/test\nevus\ISIC_0014697.jpg,0.2171848714351654,0.010841011069715023
data/test\nevus\ISIC_0014698.jpg,3.563705604392453e-06,0.001063419971615076
data/test\nevus\ISIC_0014720.jpg,0.00846488680690527,1.2135019460401963e-05
data/test\nevus\ISIC_0014725.jpg,0.007108632475137711,1.6363488612114452e-05
data/test\nevus\ISIC_0014728.jpg,9.816009196583764e-07,1.5183012180841615e-07
data/test\nevus\ISIC_0014729.jpg,0.6784973740577698,0.2630382180213928
data/test\nevus\ISIC_0014740.jpg,0.000708446023054421,9.704918193165213e-05
data/test\nevus\ISIC_0014743.jpg,0.006408934015780687,0.00021416986419353634
data/test\nevus\ISIC_0014746.jpg,0.000684636237565428,3.7866488128202036e-05
data/test\nevus\ISIC_0014749.jpg,0.15264423191547394,6.760079850209877e-05
data/test\nevus\ISIC_0014753.jpg,0.11419430375099182,9.589788533048704e-05
data/test\nevus\ISIC_0014755.jpg,0.11036014556884766,0.0035499001387506723
data/test\nevus\ISIC_0014765.jpg,0.0005426869029179215,1.6027655874495395e-05
data/test\nevus\ISIC_0014768.jpg,0.0007281065918505192,5.991455327603035e-05
data/test\nevus\ISIC_0014773.jpg,0.0005056188674643636,1.6555211459490238e-06
data/test\nevus\ISIC_0014780.jpg,0.005744413938373327,7.743979949736968e-05
data/test\nevus\ISIC_0014786.jpg,0.472563773393631,0.027102796360850334
data/test\nevus\ISIC_0014787.jpg,0.001252157730050385,0.0011468048905953765
data/test\nevus\ISIC_0014792.jpg,5.069924009148963e-05,0.994709849357605
data/test\nevus\ISIC_0014796.jpg,0.008889857679605484,0.0001820338802644983
data/test\nevus\ISIC_0014798.jpg,0.11724574118852615,4.0155794067686656e-07
data/test\nevus\ISIC_0014807.jpg,0.0006503812037408352,9.43035956879612e-06
data/test\nevus\ISIC_0014814.jpg,0.0006490523810498416,0.0001295601687161252
data/test\nevus\ISIC_0014815.jpg,0.0015959130832925439,6.45066120341653e-06
data/test\nevus\ISIC_0014820.jpg,0.0006621921784244478,0.00013168304576538503
data/test\nevus\ISIC_0014822.jpg,0.00282521964982152,2.9544104108936153e-05
data/test\nevus\ISIC_0014833.jpg,0.00251860567368567,0.001053122105076909
data/test\nevus\ISIC_0014835.jpg,0.0009889777284115553,6.33422769169556e-06
data/test\nevus\ISIC_0014844.jpg,0.003275717608630657,4.900146086583845e-05
data/test\nevus\ISIC_0014853.jpg,0.15090428292751312,9.03153995750472e-05
data/test\nevus\ISIC_0014854.jpg,0.000955036492086947,8.593650818511378e-06
data/test\nevus\ISIC_0014863.jpg,0.13193021714687347,0.030327633023262024
data/test\nevus\ISIC_0014867.jpg,0.004150313325226307,0.003942184150218964
data/test\nevus\ISIC_0014868.jpg,0.18220274150371552,0.0005014824564568698
data/test\nevus\ISIC_0014876.jpg,0.0005968312034383416,2.2444587557401974e-06
data/test\nevus\ISIC_0014879.jpg,2.4119875888573006e-05,0.0003910178493242711
data/test\nevus\ISIC_0014901.jpg,0.0005569463246501982,1.3513624708139105e-06
data/test\nevus\ISIC_0014907.jpg,0.00033606617944315076,0.0013307173503562808
data/test\nevus\ISIC_0014910.jpg,0.007925627753138542,1.7076908989110962e-06
data/test\nevus\ISIC_0014921.jpg,1.90800528798718e-05,9.085342256298645e-09
data/test\nevus\ISIC_0014927.jpg,5.9042351495008916e-05,5.652863706018252e-07
data/test\nevus\ISIC_0014936.jpg,0.014418471604585648,1.4041615941096097e-06
data/test\nevus\ISIC_0014938.jpg,0.7543264031410217,0.0012099207378923893
data/test\nevus\ISIC_0014940.jpg,0.002469714730978012,4.1688217606861144e-05
data/test\nevus\ISIC_0014941.jpg,0.44324347376823425,1.3453226529236417e-05
data/test\nevus\ISIC_0014942.jpg,8.99957558431197e-06,5.5929003792698495e-06
data/test\nevus\ISIC_0014943.jpg,0.00598234124481678,0.00038225739262998104
data/test\nevus\ISIC_0014944.jpg,0.006951144430786371,5.166629307495896e-06
data/test\nevus\ISIC_0014947.jpg,0.006438604090362787,7.738012209301814e-05
data/test\nevus\ISIC_0014948.jpg,0.5626640915870667,0.0027420250698924065
data/test\nevus\ISIC_0014949.jpg,0.0008355557220056653,1.043555016622122e-06
data/test\nevus\ISIC_0014952.jpg,0.00010650795593392104,1.5188814359134994e-05
data/test\nevus\ISIC_0014955.jpg,0.42370131611824036,0.006550352089107037
data/test\nevus\ISIC_0014956.jpg,0.0033898563124239445,1.2633296137209982e-05
data/test\nevus\ISIC_0014957.jpg,0.01651531085371971,9.987346129491925e-05
data/test\nevus\ISIC_0014958.jpg,0.005722472444176674,0.0001096682099159807
data/test\nevus\ISIC_0014959.jpg,0.0021464680321514606,0.00013103857054375112
data/test\nevus\ISIC_0014961.jpg,0.05385040491819382,6.41346275642718e-07
data/test\nevus\ISIC_0014962.jpg,0.022172195836901665,2.346604560443666e-05
data/test\nevus\ISIC_0014964.jpg,0.02362469583749771,5.742245434703364e-07
data/test\nevus\ISIC_0014966.jpg,0.12012653052806854,0.00032935483613982797
data/test\nevus\ISIC_0014968.jpg,0.009546034038066864,0.00023494225752074271
data/test\nevus\ISIC_0014969.jpg,0.04900135099887848,0.05386921018362045
data/test\nevus\ISIC_0014973.jpg,0.025914538651704788,5.931112900725566e-05
data/test\nevus\ISIC_0014974.jpg,0.0049070692621171474,0.07660458981990814
data/test\nevus\ISIC_0014977.jpg,0.0385558195412159,0.00043507557711564004
data/test\nevus\ISIC_0014992.jpg,0.002320488216355443,1.157321639766451e-05
data/test\nevus\ISIC_0014994.jpg,6.744331039953977e-05,2.776788460323587e-05
data/test\nevus\ISIC_0014998.jpg,0.0046681975945830345,0.029149509966373444
data/test\nevus\ISIC_0015002.jpg,1.440919550077524e-05,0.0007234662189148366
data/test\nevus\ISIC_0015003.jpg,0.2042783945798874,0.002239181427285075
data/test\nevus\ISIC_0015007.jpg,0.000490736507344991,0.0002977994445245713
data/test\nevus\ISIC_0015008.jpg,0.004210988525301218,0.0016873768763616681
data/test\nevus\ISIC_0015009.jpg,0.0156337171792984,0.5445783734321594
data/test\nevus\ISIC_0015011.jpg,0.0863422304391861,9.853913070401177e-05
data/test\nevus\ISIC_0015013.jpg,0.09774629026651382,0.00022260384866967797
data/test\nevus\ISIC_0015015.jpg,0.25929543375968933,0.0002498136309441179
data/test\nevus\ISIC_0015016.jpg,8.462498954031616e-06,3.514911099955498e-07
data/test\nevus\ISIC_0015018.jpg,0.012199817225337029,0.00016265390149783343
data/test\nevus\ISIC_0015019.jpg,0.06577609479427338,1.7890488379634917e-05
data/test\nevus\ISIC_0015020.jpg,0.6541683077812195,0.0002844076952897012
data/test\nevus\ISIC_0015021.jpg,0.001808683737181127,0.026785438880324364
data/test\nevus\ISIC_0015023.jpg,0.2738097310066223,0.10455294698476791
data/test\nevus\ISIC_0015026.jpg,0.0065472605638206005,0.11832837015390396
data/test\nevus\ISIC_0015030.jpg,0.03025653399527073,0.014185185544192791
data/test\nevus\ISIC_0015031.jpg,0.001144236302934587,0.9915577173233032
data/test\nevus\ISIC_0015034.jpg,0.0067207952961325645,0.004929584451019764
data/test\nevus\ISIC_0015035.jpg,0.0018244616221636534,0.9757611751556396
data/test\nevus\ISIC_0015037.jpg,0.0035398793406784534,2.5133394956355914e-06
data/test\nevus\ISIC_0015040.jpg,2.057758320006542e-05,5.071564828540431e-06
data/test\nevus\ISIC_0015051.jpg,0.01082214992493391,0.0001023711301968433
data/test\nevus\ISIC_0015056.jpg,0.1058366447687149,0.3496316969394684
data/test\nevus\ISIC_0015057.jpg,0.018878361210227013,0.2072308212518692
data/test\nevus\ISIC_0015060.jpg,0.3603779971599579,0.0009880338329821825
data/test\nevus\ISIC_0015064.jpg,0.0832589641213417,0.00019251681806053966
data/test\nevus\ISIC_0015078.jpg,0.10142292827367783,0.0340442955493927
data/test\nevus\ISIC_0015089.jpg,0.00023548825993202627,3.0093995064817136e-06
data/test\nevus\ISIC_0015102.jpg,0.10396590828895569,0.20723843574523926
data/test\nevus\ISIC_0015118.jpg,0.0004012768913526088,3.759902611477628e-08
data/test\nevus\ISIC_0015125.jpg,0.11063781380653381,4.745765181723982e-06
data/test\nevus\ISIC_0015129.jpg,0.007566964253783226,0.5323938727378845
data/test\nevus\ISIC_0015130.jpg,0.0004010222910437733,7.421176633215509e-06
data/test\nevus\ISIC_0015139.jpg,0.011989939026534557,0.00045008238521404564
data/test\nevus\ISIC_0015140.jpg,0.03994240239262581,0.0027073833625763655
data/test\nevus\ISIC_0015146.jpg,8.40874963614624e-06,0.00013891112757846713
data/test\nevus\ISIC_0015149.jpg,0.6962119936943054,0.011603151448071003
data/test\nevus\ISIC_0015150.jpg,0.002305125817656517,5.370947110350244e-05
data/test\nevus\ISIC_0015152.jpg,0.01472655963152647,0.009439227171242237
data/test\nevus\ISIC_0015155.jpg,7.697587989241583e-07,3.080089754803339e-06
data/test\nevus\ISIC_0015157.jpg,0.016542620956897736,5.527682515094057e-05
data/test\nevus\ISIC_0015160.jpg,6.158288670121692e-06,0.008981197141110897
data/test\nevus\ISIC_0015161.jpg,1.3830896932631731e-05,0.0033938304986804724
data/test\nevus\ISIC_0015171.jpg,0.027298465371131897,5.535292802960612e-05
data/test\nevus\ISIC_0015173.jpg,0.0012593334540724754,0.0009860554710030556
data/test\nevus\ISIC_0015174.jpg,0.007366531528532505,1.0126976121682674e-05
data/test\nevus\ISIC_0015175.jpg,0.1313566118478775,0.0001007140745059587
data/test\nevus\ISIC_0015176.jpg,0.0013110055588185787,1.728135976009071e-05
data/test\nevus\ISIC_0015179.jpg,0.03170556575059891,0.008488365449011326
data/test\nevus\ISIC_0015184.jpg,0.00012542832701001316,6.12162421020912e-06
data/test\nevus\ISIC_0015201.jpg,0.09723430871963501,8.057566560637497e-07
data/test\nevus\ISIC_0015202.jpg,0.0020186782348901033,2.6113359581358964e-06
data/test\nevus\ISIC_0015203.jpg,0.01304219476878643,3.0132781830616295e-05
data/test\nevus\ISIC_0015207.jpg,0.0016560311196371913,0.024504365399479866
data/test\nevus\ISIC_0015208.jpg,0.0033364121336489916,3.5130542528349906e-05
data/test\nevus\ISIC_0015212.jpg,3.453507451922633e-05,1.3716824298626307e-07
data/test\nevus\ISIC_0015215.jpg,0.004961764439940453,3.835615203229281e-08
data/test\nevus\ISIC_0015216.jpg,0.06589660048484802,0.00022483117936644703
data/test\nevus\ISIC_0015217.jpg,2.5375479708600324e-06,1.1794786480834318e-08
data/test\nevus\ISIC_0015218.jpg,0.001319692935794592,5.370628059608862e-06
data/test\nevus\ISIC_0015223.jpg,0.0013935428578406572,0.0010364408371970057
data/test\nevus\ISIC_0015224.jpg,0.25041088461875916,0.01670234650373459
data/test\nevus\ISIC_0015226.jpg,0.0011224193731322885,0.0009868110064417124
data/test\nevus\ISIC_0015232.jpg,0.12191842496395111,0.04571989178657532
data/test\nevus\ISIC_0015237.jpg,0.952276885509491,0.0017490355530753732
data/test\nevus\ISIC_0015241.jpg,0.0003606458776630461,1.866567436081823e-05
data/test\nevus\ISIC_0015244.jpg,0.004154622089117765,0.00017703163030091673
data/test\nevus\ISIC_0015245.jpg,1.6517136828042567e-05,0.0025434314738959074
data/test\nevus\ISIC_0015250.jpg,0.0030507708434015512,0.0024298427160829306
data/test\nevus\ISIC_0015254.jpg,0.0010605279821902514,2.880126157833729e-05
data/test\nevus\ISIC_0015255.jpg,0.03088221326470375,0.004186050500720739
data/test\nevus\ISIC_0015258.jpg,0.021785980090498924,8.145950414473191e-05
data/test\nevus\ISIC_0015264.jpg,0.0009225507965311408,0.00010219377872999758
data/test\nevus\ISIC_0015270.jpg,0.0018959896406158805,0.0007187763694673777
data/test\nevus\ISIC_0015273.jpg,0.0013083142694085836,0.1997324526309967
data/test\nevus\ISIC_0015274.jpg,0.006444811355322599,3.450076837907545e-05
data/test\nevus\ISIC_0015276.jpg,0.003967573866248131,0.0003512623661663383
data/test\nevus\ISIC_0015279.jpg,0.03028423897922039,0.010037927888333797
data/test\nevus\ISIC_0015283.jpg,0.0016085641691461205,7.765825102978852e-06
data/test\nevus\ISIC_0015291.jpg,6.788584869354963e-05,0.008518179878592491
data/test\nevus\ISIC_0015293.jpg,0.00363557250238955,4.20437032744303e-07
data/test\nevus\ISIC_0015298.jpg,0.0003025499463547021,9.83486188488314e-07
data/test\nevus\ISIC_0015309.jpg,3.204734457540326e-05,0.003295530565083027
data/test\nevus\ISIC_0015310.jpg,0.0003361592534929514,1.5451589206350036e-05
data/test\nevus\ISIC_0015311.jpg,0.0011946349404752254,0.005963476374745369
data/test\nevus\ISIC_0015312.jpg,0.005909736268222332,5.40568998985691e-06
data/test\nevus\ISIC_0015330.jpg,0.0008814978646114469,6.234375177882612e-05
data/test\nevus\ISIC_0015331.jpg,0.0005607971688732505,2.237849685116089e-06
data/test\nevus\ISIC_0015347.jpg,0.009942403063178062,0.006240622606128454
data/test\nevus\ISIC_0015353.jpg,0.33087262511253357,0.003747465554624796
data/test\nevus\ISIC_0015355.jpg,0.00016892176063265651,1.004815840133233e-05
data/test\nevus\ISIC_0015357.jpg,0.0011399583891034126,0.004698045551776886
data/test\nevus\ISIC_0015360.jpg,0.9802846908569336,6.304676389845554e-06
data/test\nevus\ISIC_0015363.jpg,0.009277175180613995,0.15819983184337616
data/test\nevus\ISIC_0015364.jpg,0.01073176134377718,0.0012139157624915242
data/test\nevus\ISIC_0015368.jpg,0.0024342844262719154,1.265763245328344e-07
data/test\nevus\ISIC_0015369.jpg,4.705652827396989e-05,2.9190769055276178e-05
data/test\nevus\ISIC_0015383.jpg,2.202890391345136e-05,1.7678326358350205e-08
data/test\nevus\ISIC_0015386.jpg,0.6320501565933228,2.8125210519647226e-05
data/test\nevus\ISIC_0015390.jpg,0.4846271872520447,0.33020472526550293
data/test\nevus\ISIC_0015395.jpg,0.0010479927295818925,0.001484240056015551
data/test\nevus\ISIC_0015403.jpg,0.00032451492734253407,0.042354002594947815
data/test\nevus\ISIC_0015404.jpg,0.7704471945762634,0.0013981142546981573
data/test\nevus\ISIC_0015411.jpg,1.1694575732690282e-05,6.591833880520426e-06
data/test\nevus\ISIC_0015412.jpg,0.046167321503162384,6.343852146528661e-05
data/test\nevus\ISIC_0015416.jpg,0.08993149548768997,0.00020871733431704342
data/test\nevus\ISIC_0015417.jpg,0.04227625951170921,0.0002062275307253003
data/test\nevus\ISIC_0015418.jpg,0.010692287236452103,0.04923055320978165
data/test\nevus\ISIC_0015419.jpg,0.0009567217202857137,0.14374850690364838
data/test\nevus\ISIC_0015436.jpg,0.001024754485115409,0.0008288006065413356
data/test\nevus\ISIC_0015440.jpg,0.004909005481749773,0.003392303129658103
data/test\nevus\ISIC_0015447.jpg,0.01306823268532753,0.003951930440962315
data/test\nevus\ISIC_0015455.jpg,0.06974142789840698,0.05026770755648613
data/test\nevus\ISIC_0015464.jpg,0.02167360857129097,0.0007614274509251118
data/test\nevus\ISIC_0015466.jpg,0.021383721381425858,1.304521083511645e-05
data/test\nevus\ISIC_0015468.jpg,0.11365951597690582,0.2555420398712158
data/test\nevus\ISIC_0015476.jpg,2.8624479455174878e-05,3.6621515846491093e-06
data/test\nevus\ISIC_0015481.jpg,0.5478953123092651,0.01142462994903326
data/test\nevus\ISIC_0015482.jpg,0.45158159732818604,0.0005383363459259272
data/test\nevus\ISIC_0015485.jpg,0.09942007064819336,0.0030277613550424576
data/test\nevus\ISIC_0015510.jpg,0.00018722290406003594,0.005595013964921236
data/test\nevus\ISIC_0015526.jpg,0.0011860495433211327,0.00042125151958316565
data/test\nevus\ISIC_0015537.jpg,0.17632761597633362,0.0009179356275126338
data/test\nevus\ISIC_0015544.jpg,0.03962651267647743,0.0002963730657938868
data/test\nevus\ISIC_0015559.jpg,0.03816315531730652,1.4629528777732048e-05
data/test\nevus\ISIC_0015563.jpg,0.00046937496517784894,4.770036321133375e-05
data/test\nevus\ISIC_0015566.jpg,0.06391698867082596,9.455437975702807e-06
data/test\nevus\ISIC_0015568.jpg,0.0068275039084255695,0.000606669345870614
data/test\nevus\ISIC_0015582.jpg,0.00010707474575610831,7.931802770144714e-08
data/test\nevus\ISIC_0015593.jpg,0.013415224850177765,0.006685652304440737
data/test\nevus\ISIC_0015603.jpg,0.014269228093326092,0.0011784929083660245
data/test\nevus\ISIC_0015607.jpg,0.014897291548550129,0.3449149429798126
data/test\nevus\ISIC_0015614.jpg,0.8822663426399231,0.00032775229192338884
data/test\nevus\ISIC_0015617.jpg,0.0004079593054484576,1.019261162582552e-06
data/test\nevus\ISIC_0015625.jpg,0.0021608693059533834,1.2183047601865837e-06
data/test\nevus\ISIC_0015631.jpg,0.0008822933887131512,0.0002711006090976298
data/test\nevus\ISIC_0015636.jpg,0.07667383551597595,0.0017987096216529608
data/test\nevus\ISIC_0015638.jpg,0.2230791300535202,0.00033855478977784514
data/test\nevus\ISIC_0015641.jpg,4.55092012998648e-05,0.01625501923263073
data/test\nevus\ISIC_0015645.jpg,0.08447416126728058,0.0124410605058074
data/test\nevus\ISIC_0015936.jpg,0.00012804636207874864,0.028661051765084267
data/test\nevus\ISIC_0015937.jpg,8.742683712625876e-05,1.8139473468181677e-05
data/test\nevus\ISIC_0015938.jpg,0.005567051935940981,0.000280654028756544
data/test\nevus\ISIC_0015939.jpg,0.003274650312960148,0.006849990226328373
data/test\nevus\ISIC_0015940.jpg,0.0003003132005687803,0.00015839193656574935
data/test\nevus\ISIC_0015941.jpg,0.00012646926916204393,2.859669621102512e-06
data/test\nevus\ISIC_0015942.jpg,0.0010050323326140642,0.0001471162831876427
data/test\nevus\ISIC_0015943.jpg,0.0013303771847859025,0.0015827183378860354
data/test\nevus\ISIC_0015944.jpg,0.06879670172929764,0.040955524891614914
data/test\nevus\ISIC_0015945.jpg,3.083085175603628e-05,0.00030031029018573463
data/test\nevus\ISIC_0015946.jpg,1.712723314994946e-05,0.00020850999862886965
data/test\nevus\ISIC_0015947.jpg,0.0005572211230173707,0.008205048739910126
data/test\nevus\ISIC_0015948.jpg,1.3516868420992978e-05,4.956840257364092e-06
data/test\nevus\ISIC_0015949.jpg,0.06128736585378647,0.00503716291859746
data/test\nevus\ISIC_0015950.jpg,0.00043863485916517675,0.00011739491310436279
data/test\nevus\ISIC_0015951.jpg,0.0018454429227858782,6.923339242348447e-05
data/test\nevus\ISIC_0015952.jpg,0.0009377006790600717,0.0012796011287719011
data/test\nevus\ISIC_0015953.jpg,0.009126588702201843,0.00780767947435379
data/test\nevus\ISIC_0015954.jpg,8.760880155023187e-05,7.239754040710977e-07
data/test\nevus\ISIC_0015955.jpg,0.005958950147032738,0.0014740434708073735
data/test\nevus\ISIC_0015956.jpg,1.4339620975079015e-05,1.6814334458103986e-07
data/test\nevus\ISIC_0015957.jpg,0.00023354229051619768,0.6008121967315674
data/test\nevus\ISIC_0015958.jpg,0.020606104284524918,0.4052497148513794
data/test\nevus\ISIC_0015959.jpg,0.011890105903148651,0.01694226823747158
data/test\nevus\ISIC_0015960.jpg,9.428862313143327e-07,1.7404522623110097e-07
data/test\nevus\ISIC_0015961.jpg,2.104762097587809e-05,4.1377987258783833e-07
data/test\nevus\ISIC_0015962.jpg,2.3485015390178887e-06,1.6047436020016903e-06
data/test\nevus\ISIC_0015963.jpg,0.00010581229435047135,6.10932765994221e-05
data/test\nevus\ISIC_0015964.jpg,2.5686204025987536e-06,1.1281812817287573e-07
data/test\nevus\ISIC_0015965.jpg,0.14218099415302277,2.385556581430137e-05
data/test\nevus\ISIC_0015966.jpg,0.0271137785166502,0.07487760484218597
data/test\nevus\ISIC_0015967.jpg,0.0008665706845931709,0.06843793392181396
data/test\nevus\ISIC_0015968.jpg,0.006679989863187075,0.010844203643500805
data/test\nevus\ISIC_0015969.jpg,0.15315593779087067,0.009015546180307865
data/test\nevus\ISIC_0015971.jpg,0.0007780268788337708,6.357823440339416e-05
data/test\nevus\ISIC_0015972.jpg,0.006165015045553446,0.0029312388505786657
data/test\nevus\ISIC_0015973.jpg,3.4226006391691044e-05,0.002214554464444518
data/test\nevus\ISIC_0015974.jpg,2.1951200324110687e-06,0.002690988825634122
data/test\nevus\ISIC_0015975.jpg,7.1335580287268385e-06,4.5966507400407863e-07
data/test\nevus\ISIC_0015976.jpg,0.008875953033566475,3.638726866483921e-06
data/test\nevus\ISIC_0015978.jpg,0.0004643106658477336,0.3575380742549896
data/test\nevus\ISIC_0015979.jpg,0.010058748535811901,0.05935395136475563
data/test\nevus\ISIC_0015980.jpg,0.08154559135437012,0.00451709795743227
data/test\nevus\ISIC_0015981.jpg,0.00038813985884189606,3.313838897156529e-05
data/test\nevus\ISIC_0015982.jpg,1.6374051483580843e-06,8.766921837377595e-07
data/test\nevus\ISIC_0015983.jpg,0.0007707566837780178,0.9980533123016357
data/test\nevus\ISIC_0015984.jpg,0.0006516004214063287,0.9349714517593384
data/test\nevus\ISIC_0015985.jpg,0.0003132279380224645,8.785125828580931e-05
data/test\nevus\ISIC_0015986.jpg,1.2346682751740445e-06,3.0708320082339924e-06
data/test\nevus\ISIC_0015987.jpg,1.2165642147010658e-06,2.4065125217020977e-06
data/test\nevus\ISIC_0015988.jpg,0.00021182674390729517,3.053187901969068e-05
data/test\nevus\ISIC_0015989.jpg,0.00039778611971996725,0.008495022542774677
data/test\nevus\ISIC_0015990.jpg,0.0004777106805704534,8.199990588764194e-07
data/test\nevus\ISIC_0015991.jpg,0.0003339880786370486,0.0008185343467630446
data/test\nevus\ISIC_0015992.jpg,0.0009531340328976512,1.315622193942545e-05
data/test\nevus\ISIC_0015993.jpg,0.001661650836467743,1.2812317436328158e-05
data/test\nevus\ISIC_0015994.jpg,0.00604894757270813,1.6018502719816752e-05
data/test\nevus\ISIC_0015995.jpg,0.03145693615078926,0.0008152222144417465
data/test\nevus\ISIC_0015996.jpg,0.005525136366486549,4.885988528258167e-05
data/test\nevus\ISIC_0015997.jpg,0.0005744536174461246,2.0316037989687175e-05
data/test\nevus\ISIC_0015998.jpg,0.010302387177944183,0.0008511741762049496
data/test\nevus\ISIC_0015999.jpg,9.573111310601234e-05,1.469645440010936e-06
data/test\nevus\ISIC_0016000.jpg,0.0005955573287792504,0.022802095860242844
data/test\nevus\ISIC_0016001.jpg,0.0067392513155937195,0.012782901525497437
data/test\nevus\ISIC_0016002.jpg,0.0006564687937498093,3.49369365721941e-05
data/test\nevus\ISIC_0016003.jpg,2.7818821763503365e-05,9.510184781902353e-07
data/test\nevus\ISIC_0016004.jpg,0.012460296973586082,0.000686332059558481
data/test\nevus\ISIC_0016005.jpg,0.00030983431497588754,0.00011857374920509756
data/test\nevus\ISIC_0016006.jpg,0.009724496863782406,0.3616907596588135
data/test\nevus\ISIC_0016007.jpg,0.1216285228729248,0.008197583258152008
data/test\nevus\ISIC_0016008.jpg,0.11676494777202606,0.03448064625263214
data/test\nevus\ISIC_0016009.jpg,0.00024101765302475542,0.5765692591667175
data/test\nevus\ISIC_0016011.jpg,0.00039248744724318385,0.0010711447102949023
data/test\nevus\ISIC_0016012.jpg,0.00020786517416127026,0.0003682529495563358
data/test\nevus\ISIC_0016013.jpg,0.03664158657193184,0.0031584773678332567
data/test\nevus\ISIC_0016014.jpg,0.008403453044593334,7.448457381542539e-06
data/test\nevus\ISIC_0016015.jpg,8.613830868853256e-05,0.0062272511422634125
data/test\nevus\ISIC_0016016.jpg,0.7412092685699463,0.0007233948563225567
data/test\nevus\ISIC_0016017.jpg,0.00010451891284901649,2.9953167540952563e-05
data/test\nevus\ISIC_0016018.jpg,0.0003903110628016293,9.263161337003112e-05
data/test\nevus\ISIC_0016019.jpg,0.1702445149421692,0.012023099698126316
data/test\nevus\ISIC_0016022.jpg,0.03259478881955147,6.752130866516382e-05
data/test\nevus\ISIC_0016023.jpg,0.2685030698776245,0.20374028384685516
data/test\nevus\ISIC_0016024.jpg,0.11362863332033157,0.019518183544278145
data/test\nevus\ISIC_0016025.jpg,0.03260479122400284,0.00011952086060773581
data/test\nevus\ISIC_0016026.jpg,0.31584441661834717,0.0007874782313592732
data/test\nevus\ISIC_0016027.jpg,0.003033978398889303,0.009176485240459442
data/test\nevus\ISIC_0016028.jpg,5.3108527936274186e-05,0.47690436244010925
data/test\nevus\ISIC_0016029.jpg,0.059388287365436554,0.06193191930651665
data/test\nevus\ISIC_0016030.jpg,0.02068267948925495,0.043640367686748505
data/test\nevus\ISIC_0016031.jpg,0.14244282245635986,0.020282823592424393
data/test\nevus\ISIC_0016033.jpg,0.7603406310081482,0.034280113875865936
data/test\nevus\ISIC_0016034.jpg,0.8718304634094238,0.0011647974606603384
data/test\nevus\ISIC_0016035.jpg,0.053138408809900284,0.8834991455078125
data/test\nevus\ISIC_0016036.jpg,0.1465466022491455,0.027008581906557083
data/test\nevus\ISIC_0016037.jpg,0.23481659591197968,0.039259348064661026
data/test\nevus\ISIC_0016038.jpg,4.704010279965587e-05,1.599381721462123e-05
data/test\nevus\ISIC_0016040.jpg,0.00011862525570904836,0.012517012655735016
data/test\nevus\ISIC_0016041.jpg,0.0021937156561762094,0.9968478083610535
data/test\nevus\ISIC_0016042.jpg,0.052184585481882095,0.035744037479162216
data/test\nevus\ISIC_0016043.jpg,0.0065534599125385284,0.002237374894320965
data/test\nevus\ISIC_0016044.jpg,0.000828838674351573,0.0013558429200202227
data/test\nevus\ISIC_0016045.jpg,0.0001536644558655098,7.555766933364794e-05
data/test\nevus\ISIC_0016046.jpg,0.10344817489385605,0.0011857382487505674
data/test\nevus\ISIC_0016048.jpg,0.000992386951111257,4.408921995491255e-06
data/test\nevus\ISIC_0016049.jpg,0.009658784605562687,2.2145755792735144e-05
data/test\nevus\ISIC_0016050.jpg,0.0037051059771329165,6.045636837370694e-05
data/test\nevus\ISIC_0016051.jpg,0.001075540785677731,0.00011334667215123773
data/test\nevus\ISIC_0016052.jpg,0.009895529597997665,0.00034465250791981816
data/test\nevus\ISIC_0016053.jpg,0.0019881664775311947,4.6234192268457264e-05
data/test\nevus\ISIC_0016054.jpg,0.00010454306902829558,0.9988841414451599
data/test\nevus\ISIC_0016055.jpg,6.666380795650184e-05,5.625539415632375e-06
data/test\nevus\ISIC_0016056.jpg,0.0008802119991742074,6.610385025851429e-05
data/test\nevus\ISIC_0016057.jpg,0.05470282956957817,0.0003423610469326377
data/test\nevus\ISIC_0016058.jpg,5.0398743951518554e-06,0.002557673491537571
data/test\nevus\ISIC_0016059.jpg,0.003189515322446823,7.485617061320227e-06
data/test\nevus\ISIC_0016060.jpg,0.017680341377854347,0.002118364442139864
data/test\nevus\ISIC_0016061.jpg,0.0068407487124204636,1.7759946786100045e-05
data/test\nevus\ISIC_0016062.jpg,0.08835726976394653,0.00048235722351819277
data/test\nevus\ISIC_0016063.jpg,0.00019161368254572153,4.602479384629987e-05
data/test\nevus\ISIC_0016064.jpg,0.005475310608744621,0.022203130647540092
data/test\nevus\ISIC_0016065.jpg,4.29044439442805e-06,2.130045913872891e-06
data/test\nevus\ISIC_0016066.jpg,0.10503359884023666,0.0003230487636756152
data/test\nevus\ISIC_0016068.jpg,0.9994224309921265,4.626840018318035e-05
data/test\nevus\ISIC_0016069.jpg,0.0022020437754690647,0.00013674490037374198
data/test\nevus\ISIC_0016070.jpg,5.035489891724865e-08,1.1413950460337219e-06
data/test\nevus\ISIC_0016071.jpg,0.2981812655925751,0.0016087651019915938
data/test\nevus\ISIC_0016072.jpg,0.10204998403787613,0.0008759801858104765
data/test\seborrheic_keratosis\ISIC_0012086.jpg,0.1749333292245865,0.7501968741416931
data/test\seborrheic_keratosis\ISIC_0012134.jpg,0.0002145973703591153,0.9947199821472168
data/test\seborrheic_keratosis\ISIC_0012136.jpg,0.009755668230354786,0.9652049541473389
data/test\seborrheic_keratosis\ISIC_0012178.jpg,0.0022051390260457993,0.9552178978919983
data/test\seborrheic_keratosis\ISIC_0012199.jpg,0.09458786994218826,0.7460837960243225
data/test\seborrheic_keratosis\ISIC_0012207.jpg,0.004724482074379921,0.02619532309472561
data/test\seborrheic_keratosis\ISIC_0012215.jpg,0.003499878104776144,0.9941855072975159
data/test\seborrheic_keratosis\ISIC_0012223.jpg,0.21799930930137634,0.19365419447422028
data/test\seborrheic_keratosis\ISIC_0012240.jpg,0.0011277771554887295,0.9803874492645264
data/test\seborrheic_keratosis\ISIC_0012248.jpg,0.1901061236858368,0.7525219917297363
data/test\seborrheic_keratosis\ISIC_0012265.jpg,0.7357446551322937,0.15251359343528748
data/test\seborrheic_keratosis\ISIC_0012266.jpg,0.018519945442676544,0.7777482271194458
data/test\seborrheic_keratosis\ISIC_0012272.jpg,4.206875746604055e-05,0.7255318760871887
data/test\seborrheic_keratosis\ISIC_0012273.jpg,0.07105080783367157,0.9260724782943726
data/test\seborrheic_keratosis\ISIC_0012314.jpg,0.0007514870958402753,0.00016157115169335157
data/test\seborrheic_keratosis\ISIC_0012323.jpg,0.00012287138088140637,0.997893750667572
data/test\seborrheic_keratosis\ISIC_0012330.jpg,0.8769463300704956,0.08615224808454514
data/test\seborrheic_keratosis\ISIC_0012358.jpg,3.5656412364915013e-06,0.999841570854187
data/test\seborrheic_keratosis\ISIC_0012364.jpg,0.004699543118476868,0.9680411219596863
data/test\seborrheic_keratosis\ISIC_0012372.jpg,2.087443135678768e-05,0.9957952499389648
data/test\seborrheic_keratosis\ISIC_0012375.jpg,0.0054163858294487,0.9614834189414978
data/test\seborrheic_keratosis\ISIC_0012387.jpg,0.0006259975489228964,0.9656170606613159
data/test\seborrheic_keratosis\ISIC_0012388.jpg,1.7137439499492757e-05,0.9998196959495544
data/test\seborrheic_keratosis\ISIC_0012414.jpg,0.010706626810133457,0.9679996967315674
data/test\seborrheic_keratosis\ISIC_0012428.jpg,0.005105965305119753,0.878257691860199
data/test\seborrheic_keratosis\ISIC_0012432.jpg,0.0012590535916388035,0.13776321709156036
data/test\seborrheic_keratosis\ISIC_0012447.jpg,0.001052612205967307,0.982756495475769
data/test\seborrheic_keratosis\ISIC_0012448.jpg,0.0033800252713263035,0.5757732391357422
data/test\seborrheic_keratosis\ISIC_0012510.jpg,0.14432589709758759,0.4157753586769104
data/test\seborrheic_keratosis\ISIC_0012522.jpg,0.01616445928812027,0.09370347857475281
data/test\seborrheic_keratosis\ISIC_0012537.jpg,0.1085822731256485,0.027546372264623642
data/test\seborrheic_keratosis\ISIC_0012548.jpg,0.20173443853855133,0.2049155831336975
data/test\seborrheic_keratosis\ISIC_0012705.jpg,0.06753836572170258,0.8900755047798157
data/test\seborrheic_keratosis\ISIC_0012757.jpg,0.056565362960100174,0.6037316918373108
data/test\seborrheic_keratosis\ISIC_0012786.jpg,6.406038301065564e-05,0.9988886713981628
data/test\seborrheic_keratosis\ISIC_0012848.jpg,0.01571320928633213,0.01907002367079258
data/test\seborrheic_keratosis\ISIC_0012852.jpg,0.00022289548360276967,0.01186828687787056
data/test\seborrheic_keratosis\ISIC_0012928.jpg,0.0011804760433733463,0.4432123005390167
data/test\seborrheic_keratosis\ISIC_0012955.jpg,4.445138074515853e-06,0.9999755620956421
data/test\seborrheic_keratosis\ISIC_0012974.jpg,6.077033503970597e-06,0.9996873140335083
data/test\seborrheic_keratosis\ISIC_0013030.jpg,3.838091288344003e-05,0.9886837601661682
data/test\seborrheic_keratosis\ISIC_0013035.jpg,0.02572031132876873,0.829411506652832
data/test\seborrheic_keratosis\ISIC_0013085.jpg,0.0011533511569723487,0.7351348996162415
data/test\seborrheic_keratosis\ISIC_0013169.jpg,3.505047061480582e-05,0.9988760352134705
data/test\seborrheic_keratosis\ISIC_0013170.jpg,8.342375804204494e-05,0.9894636869430542
data/test\seborrheic_keratosis\ISIC_0013203.jpg,9.083206532523036e-05,0.9946749210357666
data/test\seborrheic_keratosis\ISIC_0013270.jpg,0.41476279497146606,0.003826804691925645
data/test\seborrheic_keratosis\ISIC_0013271.jpg,0.002178894355893135,0.3706498444080353
data/test\seborrheic_keratosis\ISIC_0013281.jpg,7.612960325786844e-05,0.9987542629241943
data/test\seborrheic_keratosis\ISIC_0013319.jpg,0.025010250508785248,0.9740121960639954
data/test\seborrheic_keratosis\ISIC_0013393.jpg,0.04420429468154907,0.9239068031311035
data/test\seborrheic_keratosis\ISIC_0013465.jpg,6.373903306666762e-05,0.8740189075469971
data/test\seborrheic_keratosis\ISIC_0013673.jpg,0.0006403464358299971,0.620636522769928
data/test\seborrheic_keratosis\ISIC_0013708.jpg,0.0001281342701986432,0.9996634721755981
data/test\seborrheic_keratosis\ISIC_0013764.jpg,0.08788999915122986,0.9014186263084412
data/test\seborrheic_keratosis\ISIC_0013977.jpg,0.0008684119675308466,0.9442299604415894
data/test\seborrheic_keratosis\ISIC_0014006.jpg,0.0019413135014474392,0.9943056702613831
data/test\seborrheic_keratosis\ISIC_0014177.jpg,0.0001605327270226553,0.28824761509895325
data/test\seborrheic_keratosis\ISIC_0014251.jpg,0.007068896200507879,0.9832788109779358
data/test\seborrheic_keratosis\ISIC_0014278.jpg,5.6931653489300516e-06,0.9998476505279541
data/test\seborrheic_keratosis\ISIC_0014386.jpg,0.00012065986811649054,0.9949852228164673
data/test\seborrheic_keratosis\ISIC_0014392.jpg,2.736790520430077e-05,0.9998162388801575
data/test\seborrheic_keratosis\ISIC_0014409.jpg,0.0010335588594898582,0.5250387191772461
data/test\seborrheic_keratosis\ISIC_0014419.jpg,0.015080287121236324,0.9816759824752808
data/test\seborrheic_keratosis\ISIC_0014457.jpg,0.21597319841384888,0.15699413418769836
data/test\seborrheic_keratosis\ISIC_0014474.jpg,1.569397863931954e-05,0.9992196559906006
data/test\seborrheic_keratosis\ISIC_0014500.jpg,0.8658995628356934,0.011213000863790512
data/test\seborrheic_keratosis\ISIC_0014503.jpg,0.0008261593757197261,0.910763680934906
data/test\seborrheic_keratosis\ISIC_0014567.jpg,2.3979350771696772e-06,0.9996569156646729
data/test\seborrheic_keratosis\ISIC_0014574.jpg,7.437793829012662e-05,0.9539613127708435
data/test\seborrheic_keratosis\ISIC_0014575.jpg,0.0008662200998514891,0.9080667495727539
data/test\seborrheic_keratosis\ISIC_0014586.jpg,0.005425110459327698,0.4383085072040558
data/test\seborrheic_keratosis\ISIC_0014587.jpg,0.0006494034896604717,0.9895684123039246
data/test\seborrheic_keratosis\ISIC_0014588.jpg,0.0003933067200705409,0.9636320471763611
data/test\seborrheic_keratosis\ISIC_0014590.jpg,3.7842914935026783e-06,0.997663140296936
data/test\seborrheic_keratosis\ISIC_0014600.jpg,0.29880470037460327,0.652121901512146
data/test\seborrheic_keratosis\ISIC_0014619.jpg,0.0020202682353556156,0.9913430213928223
data/test\seborrheic_keratosis\ISIC_0014626.jpg,0.00028986926190555096,0.9959241151809692
data/test\seborrheic_keratosis\ISIC_0014627.jpg,1.0966560921588098e-06,0.9989664554595947
data/test\seborrheic_keratosis\ISIC_0014629.jpg,2.140540573236649e-06,0.9988951086997986
data/test\seborrheic_keratosis\ISIC_0014631.jpg,5.3000394473201595e-06,0.9941808581352234
data/test\seborrheic_keratosis\ISIC_0014634.jpg,7.494870260416064e-06,0.9997537732124329
data/test\seborrheic_keratosis\ISIC_0014643.jpg,0.0013264745939522982,0.9496777653694153
data/test\seborrheic_keratosis\ISIC_0014644.jpg,0.00018058993737213314,0.9979442954063416
data/test\seborrheic_keratosis\ISIC_0014645.jpg,0.019823241978883743,0.9737147688865662
data/test\seborrheic_keratosis\ISIC_0014647.jpg,0.0016540845390409231,0.7888991832733154
data/test\seborrheic_keratosis\ISIC_0014648.jpg,3.3746089229680365e-06,0.9998785257339478
data/test\seborrheic_keratosis\ISIC_0014649.jpg,2.048309681867977e-07,0.9996552467346191
data/test\seborrheic_keratosis\ISIC_0014652.jpg,6.005141403875314e-05,0.9995812773704529
data/test\seborrheic_keratosis\ISIC_0014653.jpg,4.96781694891979e-07,0.9997956156730652
